Team,Team A,Team B,Team C,Team D
Team A,0.6666666666666667,0.16666666666666666,0.16666666666666666,0.0
Team B,0.2222222222222222,0.5555555555555556,0.1111111111111111,0.1111111111111111
Team C,0.2222222222222222,0.2222222222222222,0.4444444444444444,0.1111111111111111
Team D,0.0,0.3333333333333333,0.3333333333333333,0.33333333333333337
